filename,file_size,file_attributes,region_count,region_id,region_shape_attributes,region_attributes
C32_25r-30r-1.jpg,3063386,"{""beneventan"":""beneventan""}",84,0,"{""name"":""rect"",""x"":1201,""y"":865,""width"":53,""height"":51}","{""beneventan"":""puncta""}"
C32_25r-30r-1.jpg,3063386,"{""beneventan"":""beneventan""}",84,1,"{""name"":""rect"",""x"":1248,""y"":799,""width"":53,""height"":100}","{""beneventan"":""pes""}"
C32_25r-30r-1.jpg,3063386,"{""beneventan"":""beneventan""}",84,2,"{""name"":""rect"",""x"":1301,""y"":840,""width"":67,""height"":49}","{""beneventan"":""puncta""}"
C32_25r-30r-1.jpg,3063386,"{""beneventan"":""beneventan""}",84,3,"{""name"":""rect"",""x"":1381,""y"":832,""width"":84,""height"":69}","{""beneventan"":""liq""}"
C32_25r-30r-1.jpg,3063386,"{""beneventan"":""beneventan""}",84,4,"{""name"":""rect"",""x"":1483,""y"":861,""width"":57,""height"":53}","{""beneventan"":""puncta""}"
C32_25r-30r-1.jpg,3063386,"{""beneventan"":""beneventan""}",84,5,"{""name"":""rect"",""x"":1556,""y"":846,""width"":53,""height"":65}","{""beneventan"":""pes""}"
C32_25r-30r-1.jpg,3063386,"{""beneventan"":""beneventan""}",84,6,"{""name"":""rect"",""x"":1619,""y"":824,""width"":71,""height"":67}","{""beneventan"":""custos""}"
C32_25r-30r-1.jpg,3063386,"{""beneventan"":""beneventan""}",84,7,"{""name"":""rect"",""x"":1216,""y"":1020,""width"":57,""height"":35}","{""beneventan"":""puncta""}"
C32_25r-30r-1.jpg,3063386,"{""beneventan"":""beneventan""}",84,8,"{""name"":""rect"",""x"":1279,""y"":1022,""width"":51,""height"":33}","{""beneventan"":""puncta""}"
C32_25r-30r-1.jpg,3063386,"{""beneventan"":""beneventan""}",84,9,"{""name"":""rect"",""x"":1338,""y"":979,""width"":55,""height"":80}","{""beneventan"":""pes""}"
C32_25r-30r-1.jpg,3063386,"{""beneventan"":""beneventan""}",84,10,"{""name"":""rect"",""x"":1413,""y"":977,""width"":57,""height"":88}","{""beneventan"":""clivis""}"
C32_25r-30r-1.jpg,3063386,"{""beneventan"":""beneventan""}",84,11,"{""name"":""rect"",""x"":1534,""y"":983,""width"":77,""height"":73}","{""beneventan"":""torculus""}"
C32_25r-30r-1.jpg,3063386,"{""beneventan"":""beneventan""}",84,12,"{""name"":""rect"",""x"":1630,""y"":1020,""width"":108,""height"":63}","{""beneventan"":""custos""}"
C32_25r-30r-1.jpg,3063386,"{""beneventan"":""beneventan""}",84,13,"{""name"":""rect"",""x"":1277,""y"":1150,""width"":43,""height"":82}","{""beneventan"":""virga""}"
C32_25r-30r-1.jpg,3063386,"{""beneventan"":""beneventan""}",84,14,"{""name"":""rect"",""x"":1356,""y"":1169,""width"":43,""height"":69}","{""beneventan"":""puncta""}"
C32_25r-30r-1.jpg,3063386,"{""beneventan"":""beneventan""}",84,15,"{""name"":""rect"",""x"":1415,""y"":1189,""width"":53,""height"":35}","{""beneventan"":""puncta""}"
C32_25r-30r-1.jpg,3063386,"{""beneventan"":""beneventan""}",84,16,"{""name"":""rect"",""x"":1477,""y"":1160,""width"":55,""height"":67}","{""beneventan"":""pes""}"
C32_25r-30r-1.jpg,3063386,"{""beneventan"":""beneventan""}",84,17,"{""name"":""rect"",""x"":1534,""y"":1152,""width"":55,""height"":80}","{""beneventan"":""clivis""}"
C32_25r-30r-1.jpg,3063386,"{""beneventan"":""beneventan""}",84,18,"{""name"":""rect"",""x"":1574,""y"":1195,""width"":88,""height"":59}","{""beneventan"":""custos""}"
C32_25r-30r-1.jpg,3063386,"{""beneventan"":""beneventan""}",84,19,"{""name"":""rect"",""x"":1309,""y"":1332,""width"":49,""height"":71}","{""beneventan"":""pes""}"
C32_25r-30r-1.jpg,3063386,"{""beneventan"":""beneventan""}",84,20,"{""name"":""rect"",""x"":1348,""y"":1352,""width"":55,""height"":77}","{""beneventan"":""clivis""}"
C32_25r-30r-1.jpg,3063386,"{""beneventan"":""beneventan""}",84,21,"{""name"":""rect"",""x"":1432,""y"":1387,""width"":61,""height"":33}","{""beneventan"":undefined}"
C32_25r-30r-1.jpg,3063386,"{""beneventan"":""beneventan""}",84,22,"{""name"":""rect"",""x"":1485,""y"":1360,""width"":49,""height"":43}","{""beneventan"":""liq""}"
C32_25r-30r-1.jpg,3063386,"{""beneventan"":""beneventan""}",84,23,"{""name"":""rect"",""x"":1532,""y"":1317,""width"":49,""height"":100}","{""beneventan"":""virga""}"
C32_25r-30r-1.jpg,3063386,"{""beneventan"":""beneventan""}",84,24,"{""name"":""rect"",""x"":1621,""y"":1326,""width"":122,""height"":84}","{""beneventan"":""clivis""}"
C32_25r-30r-1.jpg,3063386,"{""beneventan"":""beneventan""}",84,25,"{""name"":""rect"",""x"":651,""y"":1534,""width"":59,""height"":39}","{""beneventan"":""liq""}"
C32_25r-30r-1.jpg,3063386,"{""beneventan"":""beneventan""}",84,26,"{""name"":""rect"",""x"":802,""y"":1521,""width"":49,""height"":67}","{""beneventan"":""pes""}"
C32_25r-30r-1.jpg,3063386,"{""beneventan"":""beneventan""}",84,27,"{""name"":""rect"",""x"":726,""y"":1540,""width"":43,""height"":57}","{""beneventan"":""liq""}"
C32_25r-30r-1.jpg,3063386,"{""beneventan"":""beneventan""}",84,28,"{""name"":""rect"",""x"":1079,""y"":1513,""width"":57,""height"":57}","{""beneventan"":""liq""}"
C32_25r-30r-1.jpg,3063386,"{""beneventan"":""beneventan""}",84,29,"{""name"":""rect"",""x"":954,""y"":1523,""width"":35,""height"":39}","{""beneventan"":""puncta""}"
C32_25r-30r-1.jpg,3063386,"{""beneventan"":""beneventan""}",84,30,"{""name"":""rect"",""x"":1136,""y"":1550,""width"":45,""height"":39}","{""beneventan"":""puncta""}"
C32_25r-30r-1.jpg,3063386,"{""beneventan"":""beneventan""}",84,31,"{""name"":""rect"",""x"":1175,""y"":1503,""width"":90,""height"":59}","{""beneventan"":""porrectus""}"
C32_25r-30r-1.jpg,3063386,"{""beneventan"":""beneventan""}",84,32,"{""name"":""rect"",""x"":1224,""y"":1534,""width"":43,""height"":55}","{""beneventan"":""virga""}"
C32_25r-30r-1.jpg,3063386,"{""beneventan"":""beneventan""}",84,33,"{""name"":""rect"",""x"":1275,""y"":1501,""width"":53,""height"":69}","{""beneventan"":""pes""}"
C32_25r-30r-1.jpg,3063386,"{""beneventan"":""beneventan""}",84,34,"{""name"":""rect"",""x"":1322,""y"":1505,""width"":80,""height"":59}","{""beneventan"":""torculus""}"
C32_25r-30r-1.jpg,3063386,"{""beneventan"":""beneventan""}",84,35,"{""name"":""rect"",""x"":1497,""y"":1503,""width"":126,""height"":73}","{""beneventan"":""custos""}"
C32_25r-30r-1.jpg,3063386,"{""beneventan"":""beneventan""}",84,36,"{""name"":""rect"",""x"":644,""y"":1666,""width"":53,""height"":71}","{""beneventan"":""pes""}"
C32_25r-30r-1.jpg,3063386,"{""beneventan"":""beneventan""}",84,37,"{""name"":""rect"",""x"":938,""y"":1683,""width"":69,""height"":61}","{""beneventan"":""liq""}"
C32_25r-30r-1.jpg,3063386,"{""beneventan"":""beneventan""}",84,38,"{""name"":""rect"",""x"":1079,""y"":1695,""width"":75,""height"":67}","{""beneventan"":""liq""}"
C32_25r-30r-1.jpg,3063386,"{""beneventan"":""beneventan""}",84,39,"{""name"":""rect"",""x"":1438,""y"":1674,""width"":55,""height"":73}","{""beneventan"":""clivis""}"
C32_25r-30r-1.jpg,3063386,"{""beneventan"":""beneventan""}",84,40,"{""name"":""rect"",""x"":1377,""y"":1676,""width"":51,""height"":69}","{""beneventan"":""pes""}"
C32_25r-30r-1.jpg,3063386,"{""beneventan"":""beneventan""}",84,41,"{""name"":""rect"",""x"":1566,""y"":1676,""width"":49,""height"":65}","{""beneventan"":""pes""}"
C32_25r-30r-1.jpg,3063386,"{""beneventan"":""beneventan""}",84,42,"{""name"":""rect"",""x"":1603,""y"":1707,""width"":51,""height"":51}","{""beneventan"":""clivis""}"
C32_25r-30r-1.jpg,3063386,"{""beneventan"":""beneventan""}",84,43,"{""name"":""rect"",""x"":1689,""y"":1711,""width"":75,""height"":59}","{""beneventan"":""custos""}"
C32_25r-30r-1.jpg,3063386,"{""beneventan"":""beneventan""}",84,44,"{""name"":""rect"",""x"":671,""y"":1833,""width"":41,""height"":67}","{""beneventan"":""virga""}"
C32_25r-30r-1.jpg,3063386,"{""beneventan"":""beneventan""}",84,45,"{""name"":""rect"",""x"":718,""y"":1852,""width"":45,""height"":49}","{""beneventan"":""puncta""}"
C32_25r-30r-1.jpg,3063386,"{""beneventan"":""beneventan""}",84,46,"{""name"":""rect"",""x"":785,""y"":1852,""width"":55,""height"":65}","{""beneventan"":""pes""}"
C32_25r-30r-1.jpg,3063386,"{""beneventan"":""beneventan""}",84,47,"{""name"":""rect"",""x"":906,""y"":1850,""width"":51,""height"":65}","{""beneventan"":""liq""}"
C32_25r-30r-1.jpg,3063386,"{""beneventan"":""beneventan""}",84,48,"{""name"":""rect"",""x"":999,""y"":1831,""width"":55,""height"":67}","{""beneventan"":""pes""}"
C32_25r-30r-1.jpg,3063386,"{""beneventan"":""beneventan""}",84,49,"{""name"":""rect"",""x"":1061,""y"":1829,""width"":59,""height"":75}","{""beneventan"":""clivis""}"
C32_25r-30r-1.jpg,3063386,"{""beneventan"":""beneventan""}",84,50,"{""name"":""rect"",""x"":1193,""y"":1825,""width"":69,""height"":88}","{""beneventan"":""torculus""}"
C32_25r-30r-1.jpg,3063386,"{""beneventan"":""beneventan""}",84,51,"{""name"":""rect"",""x"":1383,""y"":1833,""width"":47,""height"":80}","{""beneventan"":""virga""}"
C32_25r-30r-1.jpg,3063386,"{""beneventan"":""beneventan""}",84,52,"{""name"":""rect"",""x"":1466,""y"":1852,""width"":59,""height"":59}","{""beneventan"":""liq""}"
C32_25r-30r-1.jpg,3063386,"{""beneventan"":""beneventan""}",84,53,"{""name"":""rect"",""x"":1526,""y"":1858,""width"":69,""height"":63}","{""beneventan"":""liq""}"
C32_25r-30r-1.jpg,3063386,"{""beneventan"":""beneventan""}",84,54,"{""name"":""rect"",""x"":1627,""y"":1862,""width"":112,""height"":75}","{""beneventan"":""custos""}"
C32_25r-30r-1.jpg,3063386,"{""beneventan"":""beneventan""}",84,55,"{""name"":""rect"",""x"":598,""y"":2037,""width"":47,""height"":59}","{""beneventan"":""liq""}"
C32_25r-30r-1.jpg,3063386,"{""beneventan"":""beneventan""}",84,56,"{""name"":""rect"",""x"":855,""y"":1982,""width"":88,""height"":80}","{""beneventan"":""porrectus""}"
C32_25r-30r-1.jpg,3063386,"{""beneventan"":""beneventan""}",84,57,"{""name"":""rect"",""x"":899,""y"":2031,""width"":35,""height"":51}","{""beneventan"":""virga""}"
C32_25r-30r-1.jpg,3063386,"{""beneventan"":""beneventan""}",84,58,"{""name"":""rect"",""x"":936,""y"":1993,""width"":45,""height"":80}","{""beneventan"":""pes""}"
C32_25r-30r-1.jpg,3063386,"{""beneventan"":""beneventan""}",84,59,"{""name"":""rect"",""x"":1001,""y"":1997,""width"":63,""height"":71}","{""beneventan"":""torculus""}"
C32_25r-30r-1.jpg,3063386,"{""beneventan"":""beneventan""}",84,60,"{""name"":""rect"",""x"":1077,""y"":2048,""width"":47,""height"":41}","{""beneventan"":""puncta""}"
C32_25r-30r-1.jpg,3063386,"{""beneventan"":""beneventan""}",84,61,"{""name"":""rect"",""x"":1315,""y"":2003,""width"":41,""height"":65}","{""beneventan"":""pes""}"
C32_25r-30r-1.jpg,3063386,"{""beneventan"":""beneventan""}",84,62,"{""name"":""rect"",""x"":589,""y"":2186,""width"":71,""height"":55}","{""beneventan"":""liq""}"
C32_25r-30r-1.jpg,3063386,"{""beneventan"":""beneventan""}",84,63,"{""name"":""rect"",""x"":744,""y"":2188,""width"":43,""height"":69}","{""beneventan"":""clivis""}"
C32_25r-30r-1.jpg,3063386,"{""beneventan"":""beneventan""}",84,64,"{""name"":""rect"",""x"":887,""y"":2172,""width"":84,""height"":65}","{""beneventan"":""liq""}"
C32_25r-30r-1.jpg,3063386,"{""beneventan"":""beneventan""}",84,65,"{""name"":""rect"",""x"":1020,""y"":2180,""width"":45,""height"":77}","{""beneventan"":""pes""}"
C32_25r-30r-1.jpg,3063386,"{""beneventan"":""beneventan""}",84,66,"{""name"":""rect"",""x"":1307,""y"":2168,""width"":61,""height"":77}","{""beneventan"":""pes""}"
C32_25r-30r-1.jpg,3063386,"{""beneventan"":""beneventan""}",84,67,"{""name"":""rect"",""x"":1373,""y"":2170,""width"":57,""height"":75}","{""beneventan"":""clivis""}"
C32_25r-30r-1.jpg,3063386,"{""beneventan"":""beneventan""}",84,68,"{""name"":""rect"",""x"":1513,""y"":2168,""width"":47,""height"":73}","{""beneventan"":""pes""}"
C32_25r-30r-1.jpg,3063386,"{""beneventan"":""beneventan""}",84,69,"{""name"":""rect"",""x"":1556,""y"":2188,""width"":45,""height"":75}","{""beneventan"":""clivis""}"
C32_25r-30r-1.jpg,3063386,"{""beneventan"":""beneventan""}",84,70,"{""name"":""rect"",""x"":659,""y"":2325,""width"":43,""height"":77}","{""beneventan"":""virga""}"
C32_25r-30r-1.jpg,3063386,"{""beneventan"":""beneventan""}",84,71,"{""name"":""rect"",""x"":926,""y"":2354,""width"":55,""height"":49}","{""beneventan"":""puncta""}"
C32_25r-30r-1.jpg,3063386,"{""beneventan"":""beneventan""}",84,72,"{""name"":""rect"",""x"":867,""y"":2358,""width"":59,""height"":41}","{""beneventan"":""puncta""}"
C32_25r-30r-1.jpg,3063386,"{""beneventan"":""beneventan""}",84,73,"{""name"":""rect"",""x"":806,""y"":2343,""width"":61,""height"":55}","{""beneventan"":""puncta""}"
C32_25r-30r-1.jpg,3063386,"{""beneventan"":""beneventan""}",84,74,"{""name"":""rect"",""x"":1026,""y"":2366,""width"":53,""height"":59}","{""beneventan"":""pes""}"
C32_25r-30r-1.jpg,3063386,"{""beneventan"":""beneventan""}",84,75,"{""name"":""rect"",""x"":1107,""y"":2362,""width"":47,""height"":41}","{""beneventan"":""puncta""}"
C32_25r-30r-1.jpg,3063386,"{""beneventan"":""beneventan""}",84,76,"{""name"":""rect"",""x"":1244,""y"":2343,""width"":90,""height"":55}","{""beneventan"":""porrectus""}"
C32_25r-30r-1.jpg,3063386,"{""beneventan"":""beneventan""}",84,77,"{""name"":""rect"",""x"":1293,""y"":2368,""width"":41,""height"":55}","{""beneventan"":""virga""}"
C32_25r-30r-1.jpg,3063386,"{""beneventan"":""beneventan""}",84,78,"{""name"":""rect"",""x"":1336,""y"":2339,""width"":61,""height"":73}","{""beneventan"":""pes""}"
C32_25r-30r-1.jpg,3063386,"{""beneventan"":""beneventan""}",84,79,"{""name"":""rect"",""x"":1413,""y"":2337,""width"":69,""height"":67}","{""beneventan"":""torculus""}"
C32_25r-30r-1.jpg,3063386,"{""beneventan"":""beneventan""}",84,80,"{""name"":""rect"",""x"":1519,""y"":2384,""width"":53,""height"":43}","{""beneventan"":""puncta""}"
C32_25r-30r-1.jpg,3063386,"{""beneventan"":""beneventan""}",84,81,"{""name"":""rect"",""x"":1574,""y"":2331,""width"":92,""height"":86}","{""beneventan"":""custos""}"
C32_25r-30r-1.jpg,3063386,"{""beneventan"":""beneventan""}",84,82,"{""name"":""rect"",""x"":1640,""y"":2205,""width"":94,""height"":67}","{""beneventan"":""custos""}"
C32_25r-30r-1.jpg,3063386,"{""beneventan"":""beneventan""}",84,83,"{""name"":""rect"",""x"":1625,""y"":2013,""width"":118,""height"":67}","{""beneventan"":""custos""}"
C32_25r-30r-2.jpg,3505372,"{""beneventan"":""beneventan""}",124,0,"{""name"":""rect"",""x"":934,""y"":785,""width"":35,""height"":77}","{""beneventan"":""pes""}"
C32_25r-30r-2.jpg,3505372,"{""beneventan"":""beneventan""}",124,1,"{""name"":""rect"",""x"":979,""y"":802,""width"":49,""height"":69}","{""beneventan"":""liq""}"
C32_25r-30r-2.jpg,3505372,"{""beneventan"":""beneventan""}",124,2,"{""name"":""rect"",""x"":1056,""y"":808,""width"":49,""height"":51}","{""beneventan"":""puncta""}"
C32_25r-30r-2.jpg,3505372,"{""beneventan"":""beneventan""}",124,3,"{""name"":""rect"",""x"":1136,""y"":804,""width"":41,""height"":55}","{""beneventan"":""puncta""}"
C32_25r-30r-2.jpg,3505372,"{""beneventan"":""beneventan""}",124,4,"{""name"":""rect"",""x"":1203,""y"":806,""width"":53,""height"":65}","{""beneventan"":""liq""}"
C32_25r-30r-2.jpg,3505372,"{""beneventan"":""beneventan""}",124,5,"{""name"":""rect"",""x"":1277,""y"":810,""width"":61,""height"":49}","{""beneventan"":""liq""}"
C32_25r-30r-2.jpg,3505372,"{""beneventan"":""beneventan""}",124,6,"{""name"":""rect"",""x"":1405,""y"":804,""width"":47,""height"":92}","{""beneventan"":""pes""}"
C32_25r-30r-2.jpg,3505372,"{""beneventan"":""beneventan""}",124,7,"{""name"":""rect"",""x"":1462,""y"":810,""width"":53,""height"":47}","{""beneventan"":""puncta""}"
C32_25r-30r-2.jpg,3505372,"{""beneventan"":""beneventan""}",124,8,"{""name"":""rect"",""x"":1566,""y"":791,""width"":41,""height"":63}","{""beneventan"":""pes""}"
C32_25r-30r-2.jpg,3505372,"{""beneventan"":""beneventan""}",124,9,"{""name"":""rect"",""x"":1621,""y"":781,""width"":53,""height"":80}","{""beneventan"":""clivis""}"
C32_25r-30r-2.jpg,3505372,"{""beneventan"":""beneventan""}",124,10,"{""name"":""rect"",""x"":1772,""y"":793,""width"":55,""height"":65}","{""beneventan"":""pes""}"
C32_25r-30r-2.jpg,3505372,"{""beneventan"":""beneventan""}",124,11,"{""name"":""rect"",""x"":1821,""y"":824,""width"":53,""height"":61}","{""beneventan"":""clivis""}"
C32_25r-30r-2.jpg,3505372,"{""beneventan"":""beneventan""}",124,12,"{""name"":""rect"",""x"":1872,""y"":852,""width"":51,""height"":29}","{""beneventan"":""puncta""}"
C32_25r-30r-2.jpg,3505372,"{""beneventan"":""beneventan""}",124,13,"{""name"":""rect"",""x"":1931,""y"":832,""width"":73,""height"":61}","{""beneventan"":""custos""}"
C32_25r-30r-2.jpg,3505372,"{""beneventan"":""beneventan""}",124,14,"{""name"":""rect"",""x"":818,""y"":1016,""width"":45,""height"":51}","{""beneventan"":""liq""}"
C32_25r-30r-2.jpg,3505372,"{""beneventan"":""beneventan""}",124,15,"{""name"":""rect"",""x"":891,""y"":971,""width"":43,""height"":80}","{""beneventan"":""virga""}"
C32_25r-30r-2.jpg,3505372,"{""beneventan"":""beneventan""}",124,16,"{""name"":""rect"",""x"":1083,""y"":993,""width"":63,""height"":45}","{""beneventan"":""puncta""}"
C32_25r-30r-2.jpg,3505372,"{""beneventan"":""beneventan""}",124,17,"{""name"":""rect"",""x"":1179,""y"":989,""width"":84,""height"":55}","{""beneventan"":""liq""}"
C32_25r-30r-2.jpg,3505372,"{""beneventan"":""beneventan""}",124,18,"{""name"":""rect"",""x"":1358,""y"":987,""width"":67,""height"":75}","{""beneventan"":""liq""}"
C32_25r-30r-2.jpg,3505372,"{""beneventan"":""beneventan""}",124,19,"{""name"":""rect"",""x"":1430,""y"":991,""width"":33,""height"":31}","{""beneventan"":""puncta""}"
C32_25r-30r-2.jpg,3505372,"{""beneventan"":""beneventan""}",124,20,"{""name"":""rect"",""x"":1464,""y"":991,""width"":47,""height"":35}","{""beneventan"":""puncta""}"
C32_25r-30r-2.jpg,3505372,"{""beneventan"":""beneventan""}",124,21,"{""name"":""rect"",""x"":1566,""y"":969,""width"":49,""height"":75}","{""beneventan"":""pes""}"
C32_25r-30r-2.jpg,3505372,"{""beneventan"":""beneventan""}",124,22,"{""name"":""rect"",""x"":1652,""y"":967,""width"":57,""height"":82}","{""beneventan"":""clivis""}"
C32_25r-30r-2.jpg,3505372,"{""beneventan"":""beneventan""}",124,23,"{""name"":""rect"",""x"":1760,""y"":979,""width"":61,""height"":67}","{""beneventan"":""torculus""}"
C32_25r-30r-2.jpg,3505372,"{""beneventan"":""beneventan""}",124,24,"{""name"":""rect"",""x"":1862,""y"":1018,""width"":82,""height"":49}","{""beneventan"":""custos""}"
C32_25r-30r-2.jpg,3505372,"{""beneventan"":""beneventan""}",124,25,"{""name"":""rect"",""x"":869,""y"":1134,""width"":51,""height"":98}","{""beneventan"":""virga""}"
C32_25r-30r-2.jpg,3505372,"{""beneventan"":""beneventan""}",124,26,"{""name"":""rect"",""x"":1120,""y"":1154,""width"":57,""height"":82}","{""beneventan"":""pes""}"
C32_25r-30r-2.jpg,3505372,"{""beneventan"":""beneventan""}",124,27,"{""name"":""rect"",""x"":936,""y"":1162,""width"":51,""height"":47}","{""beneventan"":""puncta""}"
C32_25r-30r-2.jpg,3505372,"{""beneventan"":""beneventan""}",124,28,"{""name"":""rect"",""x"":1012,""y"":1191,""width"":57,""height"":39}","{""beneventan"":""puncta""}"
C32_25r-30r-2.jpg,3505372,"{""beneventan"":""beneventan""}",124,29,"{""name"":""rect"",""x"":818,""y"":1197,""width"":49,""height"":33}","{""beneventan"":""puncta""}"
C32_25r-30r-2.jpg,3505372,"{""beneventan"":""beneventan""}",124,30,"{""name"":""rect"",""x"":1177,""y"":1167,""width"":45,""height"":49}","{""beneventan"":""puncta""}"
C32_25r-30r-2.jpg,3505372,"{""beneventan"":""beneventan""}",124,31,"{""name"":""rect"",""x"":1246,""y"":1167,""width"":53,""height"":41}","{""beneventan"":""puncta""}"
C32_25r-30r-2.jpg,3505372,"{""beneventan"":""beneventan""}",124,32,"{""name"":""rect"",""x"":1297,""y"":1165,""width"":49,""height"":47}","{""beneventan"":""puncta""}"
C32_25r-30r-2.jpg,3505372,"{""beneventan"":""beneventan""}",124,33,"{""name"":""rect"",""x"":1340,""y"":1162,""width"":53,""height"":61}","{""beneventan"":""liq""}"
C32_25r-30r-2.jpg,3505372,"{""beneventan"":""beneventan""}",124,34,"{""name"":""rect"",""x"":1401,""y"":1160,""width"":61,""height"":57}","{""beneventan"":""liq""}"
C32_25r-30r-2.jpg,3505372,"{""beneventan"":""beneventan""}",124,35,"{""name"":""rect"",""x"":1458,""y"":1189,""width"":51,""height"":39}","{""beneventan"":""puncta""}"
C32_25r-30r-2.jpg,3505372,"{""beneventan"":""beneventan""}",124,36,"{""name"":""rect"",""x"":1509,""y"":1162,""width"":71,""height"":77}","{""beneventan"":""liq""}"
C32_25r-30r-2.jpg,3505372,"{""beneventan"":""beneventan""}",124,37,"{""name"":""rect"",""x"":1581,""y"":1167,""width"":49,""height"":45}","{""beneventan"":""puncta""}"
C32_25r-30r-2.jpg,3505372,"{""beneventan"":""beneventan""}",124,38,"{""name"":""rect"",""x"":1646,""y"":1171,""width"":53,""height"":51}","{""beneventan"":""puncta""}"
C32_25r-30r-2.jpg,3505372,"{""beneventan"":""beneventan""}",124,39,"{""name"":""rect"",""x"":1695,""y"":1171,""width"":49,""height"":57}","{""beneventan"":""puncta""}"
C32_25r-30r-2.jpg,3505372,"{""beneventan"":""beneventan""}",124,40,"{""name"":""rect"",""x"":1732,""y"":1173,""width"":51,""height"":63}","{""beneventan"":""puncta""}"
C32_25r-30r-2.jpg,3505372,"{""beneventan"":""beneventan""}",124,41,"{""name"":""rect"",""x"":1776,""y"":1177,""width"":55,""height"":55}","{""beneventan"":""liq""}"
C32_25r-30r-2.jpg,3505372,"{""beneventan"":""beneventan""}",124,42,"{""name"":""rect"",""x"":1844,""y"":1201,""width"":37,""height"":35}","{""beneventan"":""puncta""}"
C32_25r-30r-2.jpg,3505372,"{""beneventan"":""beneventan""}",124,43,"{""name"":""rect"",""x"":1852,""y"":1150,""width"":94,""height"":61}","{""beneventan"":""torculus""}"
C32_25r-30r-2.jpg,3505372,"{""beneventan"":""beneventan""}",124,44,"{""name"":""rect"",""x"":1937,""y"":1175,""width"":73,""height"":47}","{""beneventan"":""custos""}"
C32_25r-30r-2.jpg,3505372,"{""beneventan"":""beneventan""}",124,45,"{""name"":""rect"",""x"":797,""y"":1338,""width"":65,""height"":75}","{""beneventan"":""pes""}"
C32_25r-30r-2.jpg,3505372,"{""beneventan"":""beneventan""}",124,46,"{""name"":""rect"",""x"":863,""y"":1332,""width"":80,""height"":92}","{""beneventan"":""torculus""}"
C32_25r-30r-2.jpg,3505372,"{""beneventan"":""beneventan""}",124,47,"{""name"":""rect"",""x"":932,""y"":1395,""width"":53,""height"":47}","{""beneventan"":""puncta""}"
C32_25r-30r-2.jpg,3505372,"{""beneventan"":""beneventan""}",124,48,"{""name"":""rect"",""x"":1162,""y"":1338,""width"":57,""height"":80}","{""beneventan"":""pes""}"
C32_25r-30r-2.jpg,3505372,"{""beneventan"":""beneventan""}",124,49,"{""name"":""rect"",""x"":1240,""y"":1366,""width"":61,""height"":49}","{""beneventan"":""puncta""}"
C32_25r-30r-2.jpg,3505372,"{""beneventan"":""beneventan""}",124,50,"{""name"":""rect"",""x"":1315,""y"":1356,""width"":69,""height"":69}","{""beneventan"":""puncta""}"
C32_25r-30r-2.jpg,3505372,"{""beneventan"":""beneventan""}",124,51,"{""name"":""rect"",""x"":1403,""y"":1366,""width"":53,""height"":59}","{""beneventan"":""liq""}"
C32_25r-30r-2.jpg,3505372,"{""beneventan"":""beneventan""}",124,52,"{""name"":""rect"",""x"":1495,""y"":1364,""width"":73,""height"":45}","{""beneventan"":""liq""}"
C32_25r-30r-2.jpg,3505372,"{""beneventan"":""beneventan""}",124,53,"{""name"":""rect"",""x"":1601,""y"":1377,""width"":57,""height"":67}","{""beneventan"":""pes""}"
C32_25r-30r-2.jpg,3505372,"{""beneventan"":""beneventan""}",124,54,"{""name"":""rect"",""x"":1744,""y"":1371,""width"":73,""height"":59}","{""beneventan"":""liq""}"
C32_25r-30r-2.jpg,3505372,"{""beneventan"":""beneventan""}",124,55,"{""name"":""rect"",""x"":1876,""y"":1362,""width"":77,""height"":69}","{""beneventan"":""custos""}"
C32_25r-30r-2.jpg,3505372,"{""beneventan"":""beneventan""}",124,56,"{""name"":""rect"",""x"":1038,""y"":1534,""width"":51,""height"":75}","{""beneventan"":""pes""}"
C32_25r-30r-2.jpg,3505372,"{""beneventan"":""beneventan""}",124,57,"{""name"":""rect"",""x"":1162,""y"":1528,""width"":59,""height"":63}","{""beneventan"":""puncta""}"
C32_25r-30r-2.jpg,3505372,"{""beneventan"":""beneventan""}",124,58,"{""name"":""rect"",""x"":1240,""y"":1526,""width"":57,""height"":75}","{""beneventan"":""liq""}"
C32_25r-30r-2.jpg,3505372,"{""beneventan"":""beneventan""}",124,59,"{""name"":""rect"",""x"":1332,""y"":1548,""width"":63,""height"":37}","{""beneventan"":""puncta""}"
C32_25r-30r-2.jpg,3505372,"{""beneventan"":""beneventan""}",124,60,"{""name"":""rect"",""x"":1395,""y"":1536,""width"":49,""height"":53}","{""beneventan"":""puncta""}"
C32_25r-30r-2.jpg,3505372,"{""beneventan"":""beneventan""}",124,61,"{""name"":""rect"",""x"":1454,""y"":1515,""width"":51,""height"":77}","{""beneventan"":""pes""}"
C32_25r-30r-2.jpg,3505372,"{""beneventan"":""beneventan""}",124,62,"{""name"":""rect"",""x"":1523,""y"":1517,""width"":77,""height"":71}","{""beneventan"":""clivis""}"
C32_25r-30r-2.jpg,3505372,"{""beneventan"":""beneventan""}",124,63,"{""name"":""rect"",""x"":1676,""y"":1521,""width"":67,""height"":69}","{""beneventan"":""torculus""}"
C32_25r-30r-2.jpg,3505372,"{""beneventan"":""beneventan""}",124,64,"{""name"":""rect"",""x"":1807,""y"":1528,""width"":51,""height"":59}","{""beneventan"":""virga""}"
C32_25r-30r-2.jpg,3505372,"{""beneventan"":""beneventan""}",124,65,"{""name"":""rect"",""x"":1840,""y"":1540,""width"":102,""height"":53}","{""beneventan"":""custos""}"
C32_25r-30r-2.jpg,3505372,"{""beneventan"":""beneventan""}",124,66,"{""name"":""rect"",""x"":804,""y"":1721,""width"":51,""height"":55}","{""beneventan"":""puncta""}"
C32_25r-30r-2.jpg,3505372,"{""beneventan"":""beneventan""}",124,67,"{""name"":""rect"",""x"":863,""y"":1723,""width"":55,""height"":45}","{""beneventan"":""puncta""}"
C32_25r-30r-2.jpg,3505372,"{""beneventan"":""beneventan""}",124,68,"{""name"":""rect"",""x"":926,""y"":1711,""width"":98,""height"":65}","{""beneventan"":""puncta""}"
C32_25r-30r-2.jpg,3505372,"{""beneventan"":""beneventan""}",124,69,"{""name"":""rect"",""x"":1126,""y"":1695,""width"":55,""height"":71}","{""beneventan"":""pes""}"
C32_25r-30r-2.jpg,3505372,"{""beneventan"":""beneventan""}",124,70,"{""name"":""rect"",""x"":1179,""y"":1691,""width"":57,""height"":75}","{""beneventan"":""clivis""}"
C32_25r-30r-2.jpg,3505372,"{""beneventan"":""beneventan""}",124,71,"{""name"":""rect"",""x"":1291,""y"":1691,""width"":88,""height"":80}","{""beneventan"":""torculus""}"
C32_25r-30r-2.jpg,3505372,"{""beneventan"":""beneventan""}",124,72,"{""name"":""rect"",""x"":1238,""y"":1742,""width"":53,""height"":51}","{""beneventan"":""liq""}"
C32_25r-30r-2.jpg,3505372,"{""beneventan"":""beneventan""}",124,73,"{""name"":""rect"",""x"":1458,""y"":1678,""width"":108,""height"":114}","{""beneventan"":""climacus""}"
C32_25r-30r-2.jpg,3505372,"{""beneventan"":""beneventan""}",124,74,"{""name"":""rect"",""x"":1560,""y"":1727,""width"":77,""height"":71}","{""beneventan"":""liq""}"
C32_25r-30r-2.jpg,3505372,"{""beneventan"":""beneventan""}",124,75,"{""name"":""rect"",""x"":1666,""y"":1719,""width"":67,""height"":67}","{""beneventan"":""liq""}"
C32_25r-30r-2.jpg,3505372,"{""beneventan"":""beneventan""}",124,76,"{""name"":""rect"",""x"":1803,""y"":1754,""width"":53,""height"":49}","{""beneventan"":""liq""}"
C32_25r-30r-2.jpg,3505372,"{""beneventan"":""beneventan""}",124,77,"{""name"":""rect"",""x"":1846,""y"":1705,""width"":106,""height"":67}","{""beneventan"":""custos""}"
C32_25r-30r-2.jpg,3505372,"{""beneventan"":""beneventan""}",124,78,"{""name"":""rect"",""x"":818,""y"":1850,""width"":110,""height"":86}","{""beneventan"":""porrectus""}"
C32_25r-30r-2.jpg,3505372,"{""beneventan"":""beneventan""}",124,79,"{""name"":""rect"",""x"":922,""y"":1862,""width"":59,""height"":80}","{""beneventan"":""pes""}"
C32_25r-30r-2.jpg,3505372,"{""beneventan"":""beneventan""}",124,80,"{""name"":""rect"",""x"":983,""y"":1852,""width"":67,""height"":86}","{""beneventan"":""torculus""}"
C32_25r-30r-2.jpg,3505372,"{""beneventan"":""beneventan""}",124,81,"{""name"":""rect"",""x"":1126,""y"":1917,""width"":65,""height"":41}","{""beneventan"":""puncta""}"
C32_25r-30r-2.jpg,3505372,"{""beneventan"":""beneventan""}",124,82,"{""name"":""rect"",""x"":1358,""y"":1842,""width"":63,""height"":102}","{""beneventan"":""pes""}"
C32_25r-30r-2.jpg,3505372,"{""beneventan"":""beneventan""}",124,83,"{""name"":""rect"",""x"":1497,""y"":1882,""width"":45,""height"":59}","{""beneventan"":""puncta""}"
C32_25r-30r-2.jpg,3505372,"{""beneventan"":""beneventan""}",124,84,"{""name"":""rect"",""x"":1548,""y"":1891,""width"":61,""height"":41}","{""beneventan"":""puncta""}"
C32_25r-30r-2.jpg,3505372,"{""beneventan"":""beneventan""}",124,85,"{""name"":""rect"",""x"":1634,""y"":1887,""width"":67,""height"":55}","{""beneventan"":""puncta""}"
C32_25r-30r-2.jpg,3505372,"{""beneventan"":""beneventan""}",124,86,"{""name"":""rect"",""x"":1713,""y"":1891,""width"":69,""height"":45}","{""beneventan"":""puncta""}"
C32_25r-30r-2.jpg,3505372,"{""beneventan"":""beneventan""}",124,87,"{""name"":""rect"",""x"":1805,""y"":1895,""width"":88,""height"":41}","{""beneventan"":""liq""}"
C32_25r-30r-2.jpg,3505372,"{""beneventan"":""beneventan""}",124,88,"{""name"":""rect"",""x"":1852,""y"":1911,""width"":82,""height"":47}","{""beneventan"":""custos""}"
C32_25r-30r-2.jpg,3505372,"{""beneventan"":""beneventan""}",124,89,"{""name"":""rect"",""x"":910,""y"":2056,""width"":65,""height"":80}","{""beneventan"":""pes""}"
C32_25r-30r-2.jpg,3505372,"{""beneventan"":""beneventan""}",124,90,"{""name"":""rect"",""x"":1063,""y"":2039,""width"":53,""height"":61}","{""beneventan"":""pes""}"
C32_25r-30r-2.jpg,3505372,"{""beneventan"":""beneventan""}",124,91,"{""name"":""rect"",""x"":1116,""y"":2037,""width"":49,""height"":75}","{""beneventan"":""clivis""}"
C32_25r-30r-2.jpg,3505372,"{""beneventan"":""beneventan""}",124,92,"{""name"":""rect"",""x"":1207,""y"":2037,""width"":80,""height"":69}","{""beneventan"":""torculus""}"
C32_25r-30r-2.jpg,3505372,"{""beneventan"":""beneventan""}",124,93,"{""name"":""rect"",""x"":1375,""y"":2031,""width"":71,""height"":80}","{""beneventan"":""virga""}"
C32_25r-30r-2.jpg,3505372,"{""beneventan"":""beneventan""}",124,94,"{""name"":""rect"",""x"":1556,""y"":2062,""width"":57,""height"":71}","{""beneventan"":""pes""}"
C32_25r-30r-2.jpg,3505372,"{""beneventan"":""beneventan""}",124,95,"{""name"":""rect"",""x"":1689,""y"":2062,""width"":65,""height"":51}","{""beneventan"":""liq""}"
C32_25r-30r-2.jpg,3505372,"{""beneventan"":""beneventan""}",124,96,"{""name"":""rect"",""x"":1750,""y"":2068,""width"":53,""height"":39}","{""beneventan"":""liq""}"
C32_25r-30r-2.jpg,3505372,"{""beneventan"":""beneventan""}",124,97,"{""name"":""rect"",""x"":1807,""y"":2082,""width"":55,""height"":59}","{""beneventan"":""liq""}"
C32_25r-30r-2.jpg,3505372,"{""beneventan"":""beneventan""}",124,98,"{""name"":""rect"",""x"":1858,""y"":2082,""width"":73,""height"":57}","{""beneventan"":""custos""}"
C32_25r-30r-2.jpg,3505372,"{""beneventan"":""beneventan""}",124,99,"{""name"":""rect"",""x"":824,""y"":2250,""width"":69,""height"":57}","{""beneventan"":""liq""}"
C32_25r-30r-2.jpg,3505372,"{""beneventan"":""beneventan""}",124,100,"{""name"":""rect"",""x"":903,""y"":2235,""width"":55,""height"":45}","{""beneventan"":""puncta""}"
C32_25r-30r-2.jpg,3505372,"{""beneventan"":""beneventan""}",124,101,"{""name"":""rect"",""x"":963,""y"":2235,""width"":51,""height"":45}","{""beneventan"":""puncta""}"
C32_25r-30r-2.jpg,3505372,"{""beneventan"":""beneventan""}",124,102,"{""name"":""rect"",""x"":1014,""y"":2237,""width"":51,""height"":39}","{""beneventan"":""puncta""}"
C32_25r-30r-2.jpg,3505372,"{""beneventan"":""beneventan""}",124,103,"{""name"":""rect"",""x"":1058,""y"":2235,""width"":55,""height"":47}","{""beneventan"":""puncta""}"
C32_25r-30r-2.jpg,3505372,"{""beneventan"":""beneventan""}",124,104,"{""name"":""rect"",""x"":1112,""y"":2235,""width"":49,""height"":45}","{""beneventan"":""puncta""}"
C32_25r-30r-2.jpg,3505372,"{""beneventan"":""beneventan""}",124,105,"{""name"":""rect"",""x"":1177,""y"":2237,""width"":53,""height"":43}","{""beneventan"":""puncta""}"
C32_25r-30r-2.jpg,3505372,"{""beneventan"":""beneventan""}",124,106,"{""name"":""rect"",""x"":1232,""y"":2227,""width"":53,""height"":55}","{""beneventan"":""puncta""}"
C32_25r-30r-2.jpg,3505372,"{""beneventan"":""beneventan""}",124,107,"{""name"":""rect"",""x"":1289,""y"":2227,""width"":45,""height"":47}","{""beneventan"":""puncta""}"
C32_25r-30r-2.jpg,3505372,"{""beneventan"":""beneventan""}",124,108,"{""name"":""rect"",""x"":1344,""y"":2207,""width"":53,""height"":75}","{""beneventan"":""pes""}"
C32_25r-30r-2.jpg,3505372,"{""beneventan"":""beneventan""}",124,109,"{""name"":""rect"",""x"":1422,""y"":2192,""width"":69,""height"":92}","{""beneventan"":""clivis""}"
C32_25r-30r-2.jpg,3505372,"{""beneventan"":""beneventan""}",124,110,"{""name"":""rect"",""x"":1564,""y"":2199,""width"":80,""height"":71}","{""beneventan"":""torculus""}"
C32_25r-30r-2.jpg,3505372,"{""beneventan"":""beneventan""}",124,111,"{""name"":""rect"",""x"":1709,""y"":2201,""width"":61,""height"":77}","{""beneventan"":""virga""}"
C32_25r-30r-2.jpg,3505372,"{""beneventan"":""beneventan""}",124,112,"{""name"":""rect"",""x"":1776,""y"":2233,""width"":45,""height"":43}","{""beneventan"":""puncta""}"
C32_25r-30r-2.jpg,3505372,"{""beneventan"":""beneventan""}",124,113,"{""name"":""rect"",""x"":1852,""y"":2211,""width"":94,""height"":67}","{""beneventan"":""custos""}"
C32_25r-30r-2.jpg,3505372,"{""beneventan"":""beneventan""}",124,114,"{""name"":""rect"",""x"":793,""y"":2405,""width"":51,""height"":75}","{""beneventan"":""virga""}"
C32_25r-30r-2.jpg,3505372,"{""beneventan"":""beneventan""}",124,115,"{""name"":""rect"",""x"":897,""y"":2386,""width"":90,""height"":63}","{""beneventan"":""porrectus""}"
C32_25r-30r-2.jpg,3505372,"{""beneventan"":""beneventan""}",124,116,"{""name"":""rect"",""x"":981,""y"":2390,""width"":47,""height"":65}","{""beneventan"":""pes""}"
C32_25r-30r-2.jpg,3505372,"{""beneventan"":""beneventan""}",124,117,"{""name"":""rect"",""x"":1018,""y"":2378,""width"":59,""height"":88}","{""beneventan"":""torculus""}"
C32_25r-30r-2.jpg,3505372,"{""beneventan"":""beneventan""}",124,118,"{""name"":""rect"",""x"":1224,""y"":2417,""width"":55,""height"":69}","{""beneventan"":""virga""}"
C32_25r-30r-2.jpg,3505372,"{""beneventan"":""beneventan""}",124,119,"{""name"":""rect"",""x"":1462,""y"":2380,""width"":55,""height"":67}","{""beneventan"":""pes""}"
C32_25r-30r-2.jpg,3505372,"{""beneventan"":""beneventan""}",124,120,"{""name"":""rect"",""x"":1526,""y"":2347,""width"":59,""height"":88}","{""beneventan"":""virga""}"
C32_25r-30r-2.jpg,3505372,"{""beneventan"":""beneventan""}",124,121,"{""name"":""rect"",""x"":1609,""y"":2372,""width"":73,""height"":106}","{""beneventan"":""liq""}"
C32_25r-30r-2.jpg,3505372,"{""beneventan"":""beneventan""}",124,122,"{""name"":""rect"",""x"":1681,""y"":2384,""width"":63,""height"":67}","{""beneventan"":""torculus""}"
C32_25r-30r-2.jpg,3505372,"{""beneventan"":""beneventan""}",124,123,"{""name"":""rect"",""x"":1785,""y"":2415,""width"":82,""height"":65}","{""beneventan"":""custos""}"
C32_25r-30r-3.jpg,3016984,"{""beneventan"":""beneventan""}",96,0,"{""name"":""rect"",""x"":665,""y"":797,""width"":55,""height"":80}","{""beneventan"":""pes""}"
C32_25r-30r-3.jpg,3016984,"{""beneventan"":""beneventan""}",96,1,"{""name"":""rect"",""x"":842,""y"":765,""width"":53,""height"":116}","{""beneventan"":""clivis""}"
C32_25r-30r-3.jpg,3016984,"{""beneventan"":""beneventan""}",96,2,"{""name"":""rect"",""x"":751,""y"":793,""width"":49,""height"":55}","{""beneventan"":""puncta""}"
C32_25r-30r-3.jpg,3016984,"{""beneventan"":""beneventan""}",96,3,"{""name"":""rect"",""x"":798,""y"":797,""width"":57,""height"":41}","{""beneventan"":""puncta""}"
C32_25r-30r-3.jpg,3016984,"{""beneventan"":""beneventan""}",96,4,"{""name"":""rect"",""x"":963,""y"":824,""width"":53,""height"":71}","{""beneventan"":""clivis""}"
C32_25r-30r-3.jpg,3016984,"{""beneventan"":""beneventan""}",96,5,"{""name"":""rect"",""x"":891,""y"":757,""width"":77,""height"":110}","{""beneventan"":""compound""}"
C32_25r-30r-3.jpg,3016984,"{""beneventan"":""beneventan""}",96,6,"{""name"":""rect"",""x"":1152,""y"":802,""width"":39,""height"":61}","{""beneventan"":""virga""}"
C32_25r-30r-3.jpg,3016984,"{""beneventan"":""beneventan""}",96,7,"{""name"":""rect"",""x"":1218,""y"":765,""width"":41,""height"":61}","{""beneventan"":""clivis""}"
C32_25r-30r-3.jpg,3016984,"{""beneventan"":""beneventan""}",96,8,"{""name"":""rect"",""x"":1236,""y"":804,""width"":65,""height"":88}","{""beneventan"":""liq""}"
C32_25r-30r-3.jpg,3016984,"{""beneventan"":""beneventan""}",96,9,"{""name"":""rect"",""x"":1309,""y"":797,""width"":75,""height"":73}","{""beneventan"":""liq""}"
C32_25r-30r-3.jpg,3016984,"{""beneventan"":""beneventan""}",96,10,"{""name"":""rect"",""x"":1362,""y"":828,""width"":53,""height"":59}","{""beneventan"":""clivis""}"
C32_25r-30r-3.jpg,3016984,"{""beneventan"":""beneventan""}",96,11,"{""name"":""rect"",""x"":1430,""y"":834,""width"":55,""height"":61}","{""beneventan"":""clivis""}"
C32_25r-30r-3.jpg,3016984,"{""beneventan"":""beneventan""}",96,12,"{""name"":""rect"",""x"":1601,""y"":779,""width"":53,""height"":77}","{""beneventan"":""pes""}"
C32_25r-30r-3.jpg,3016984,"{""beneventan"":""beneventan""}",96,13,"{""name"":""rect"",""x"":1644,""y"":767,""width"":82,""height"":67}","{""beneventan"":""custos""}"
C32_25r-30r-3.jpg,3016984,"{""beneventan"":""beneventan""}",96,14,"{""name"":""rect"",""x"":593,""y"":957,""width"":53,""height"":88}","{""beneventan"":""virga""}"
C32_25r-30r-3.jpg,3016984,"{""beneventan"":""beneventan""}",96,15,"{""name"":""rect"",""x"":651,""y"":959,""width"":59,""height"":63}","{""beneventan"":""clivis""}"
C32_25r-30r-3.jpg,3016984,"{""beneventan"":""beneventan""}",96,16,"{""name"":""rect"",""x"":704,""y"":954,""width"":77,""height"":98}","{""beneventan"":""compound""}"
C32_25r-30r-3.jpg,3016984,"{""beneventan"":""beneventan""}",96,17,"{""name"":""rect"",""x"":775,""y"":989,""width"":59,""height"":77}","{""beneventan"":""clivis""}"
C32_25r-30r-3.jpg,3016984,"{""beneventan"":""beneventan""}",96,18,"{""name"":""rect"",""x"":979,""y"":971,""width"":49,""height"":92}","{""beneventan"":""pes""}"
C32_25r-30r-3.jpg,3016984,"{""beneventan"":""beneventan""}",96,19,"{""name"":""rect"",""x"":1022,""y"":969,""width"":65,""height"":102}","{""beneventan"":""liq""}"
C32_25r-30r-3.jpg,3016984,"{""beneventan"":""beneventan""}",96,20,"{""name"":""rect"",""x"":1083,""y"":997,""width"":39,""height"":41}","{""beneventan"":""puncta""}"
C32_25r-30r-3.jpg,3016984,"{""beneventan"":""beneventan""}",96,21,"{""name"":""rect"",""x"":1124,""y"":965,""width"":57,""height"":77}","{""beneventan"":""clivis""}"
C32_25r-30r-3.jpg,3016984,"{""beneventan"":""beneventan""}",96,22,"{""name"":""rect"",""x"":1185,""y"":934,""width"":53,""height"":84}","{""beneventan"":""pes""}"
C32_25r-30r-3.jpg,3016984,"{""beneventan"":""beneventan""}",96,23,"{""name"":""rect"",""x"":1250,""y"":944,""width"":49,""height"":73}","{""beneventan"":""clivis""}"
C32_25r-30r-3.jpg,3016984,"{""beneventan"":""beneventan""}",96,24,"{""name"":""rect"",""x"":1299,""y"":946,""width"":71,""height"":90}","{""beneventan"":""compound""}"
C32_25r-30r-3.jpg,3016984,"{""beneventan"":""beneventan""}",96,25,"{""name"":""rect"",""x"":1393,""y"":959,""width"":73,""height"":96}","{""beneventan"":""liq""}"
C32_25r-30r-3.jpg,3016984,"{""beneventan"":""beneventan""}",96,26,"{""name"":""rect"",""x"":1464,""y"":995,""width"":63,""height"":69}","{""beneventan"":""liq""}"
C32_25r-30r-3.jpg,3016984,"{""beneventan"":""beneventan""}",96,27,"{""name"":""rect"",""x"":1523,""y"":961,""width"":39,""height"":100}","{""beneventan"":""virga""}"
C32_25r-30r-3.jpg,3016984,"{""beneventan"":""beneventan""}",96,28,"{""name"":""rect"",""x"":1556,""y"":965,""width"":51,""height"":84}","{""beneventan"":""pes""}"
C32_25r-30r-3.jpg,3016984,"{""beneventan"":""beneventan""}",96,29,"{""name"":""rect"",""x"":1625,""y"":957,""width"":67,""height"":57}","{""beneventan"":""custos""}"
C32_25r-30r-3.jpg,3016984,"{""beneventan"":""beneventan""}",96,30,"{""name"":""rect"",""x"":1623,""y"":1016,""width"":65,""height"":41}","{""beneventan"":""custos""}"
C32_25r-30r-3.jpg,3016984,"{""beneventan"":""beneventan""}",96,31,"{""name"":""rect"",""x"":591,""y"":1114,""width"":80,""height"":128}","{""beneventan"":""compound""}"
C32_25r-30r-3.jpg,3016984,"{""beneventan"":""beneventan""}",96,32,"{""name"":""rect"",""x"":700,""y"":1112,""width"":55,""height"":84}","{""beneventan"":""clivis""}"
C32_25r-30r-3.jpg,3016984,"{""beneventan"":""beneventan""}",96,33,"{""name"":""rect"",""x"":757,""y"":1114,""width"":61,""height"":104}","{""beneventan"":""virga""}"
C32_25r-30r-3.jpg,3016984,"{""beneventan"":""beneventan""}",96,34,"{""name"":""rect"",""x"":828,""y"":1116,""width"":43,""height"":82}","{""beneventan"":""clivis""}"
C32_25r-30r-3.jpg,3016984,"{""beneventan"":""beneventan""}",96,35,"{""name"":""rect"",""x"":863,""y"":1118,""width"":71,""height"":104}","{""beneventan"":""compound""}"
C32_25r-30r-3.jpg,3016984,"{""beneventan"":""beneventan""}",96,36,"{""name"":""rect"",""x"":936,""y"":1167,""width"":65,""height"":63}","{""beneventan"":""clivis""}"
C32_25r-30r-3.jpg,3016984,"{""beneventan"":""beneventan""}",96,37,"{""name"":""rect"",""x"":1028,""y"":1169,""width"":112,""height"":90}","{""beneventan"":""custos""}"
C32_25r-30r-3.jpg,3016984,"{""beneventan"":""beneventan""}",96,38,"{""name"":""rect"",""x"":1303,""y"":1389,""width"":49,""height"":94}","{""beneventan"":""pes""}"
C32_25r-30r-3.jpg,3016984,"{""beneventan"":""beneventan""}",96,39,"{""name"":""rect"",""x"":1338,""y"":1383,""width"":73,""height"":106}","{""beneventan"":""liq""}"
C32_25r-30r-3.jpg,3016984,"{""beneventan"":""beneventan""}",96,40,"{""name"":""rect"",""x"":1613,""y"":1334,""width"":77,""height"":69}","{""beneventan"":""custos""}"
C32_25r-30r-3.jpg,3016984,"{""beneventan"":""beneventan""}",96,41,"{""name"":""rect"",""x"":1328,""y"":1562,""width"":55,""height"":73}","{""beneventan"":""virga""}"
C32_25r-30r-3.jpg,3016984,"{""beneventan"":""beneventan""}",96,42,"{""name"":""rect"",""x"":1422,""y"":1566,""width"":61,""height"":65}","{""beneventan"":""clivis""}"
C32_25r-30r-3.jpg,3016984,"{""beneventan"":""beneventan""}",96,43,"{""name"":""rect"",""x"":1507,""y"":1577,""width"":53,""height"":67}","{""beneventan"":""liq""}"
C32_25r-30r-3.jpg,3016984,"{""beneventan"":""beneventan""}",96,44,"{""name"":""rect"",""x"":1556,""y"":1587,""width"":49,""height"":75}","{""beneventan"":""pes""}"
C32_25r-30r-3.jpg,3016984,"{""beneventan"":""beneventan""}",96,45,"{""name"":""rect"",""x"":1650,""y"":1568,""width"":73,""height"":65}","{""beneventan"":""custos""}"
C32_25r-30r-3.jpg,3016984,"{""beneventan"":""beneventan""}",96,46,"{""name"":""rect"",""x"":1332,""y"":1750,""width"":51,""height"":59}","{""beneventan"":""puncta""}"
C32_25r-30r-3.jpg,3016984,"{""beneventan"":""beneventan""}",96,47,"{""name"":""rect"",""x"":1389,""y"":1764,""width"":53,""height"":41}","{""beneventan"":""puncta""}"
C32_25r-30r-3.jpg,3016984,"{""beneventan"":""beneventan""}",96,48,"{""name"":""rect"",""x"":1456,""y"":1776,""width"":57,""height"":47}","{""beneventan"":""puncta""}"
C32_25r-30r-3.jpg,3016984,"{""beneventan"":""beneventan""}",96,49,"{""name"":""rect"",""x"":1530,""y"":1721,""width"":104,""height"":77}","{""beneventan"":""porrectus""}"
C32_25r-30r-3.jpg,3016984,"{""beneventan"":""beneventan""}",96,50,"{""name"":""rect"",""x"":1640,""y"":1734,""width"":65,""height"":71}","{""beneventan"":""custos""}"
C32_25r-30r-3.jpg,3016984,"{""beneventan"":""beneventan""}",96,51,"{""name"":""rect"",""x"":622,""y"":1899,""width"":49,""height"":88}","{""beneventan"":""pes""}"
C32_25r-30r-3.jpg,3016984,"{""beneventan"":""beneventan""}",96,52,"{""name"":""rect"",""x"":685,""y"":1887,""width"":53,""height"":94}","{""beneventan"":""torculus""}"
C32_25r-30r-3.jpg,3016984,"{""beneventan"":""beneventan""}",96,53,"{""name"":""rect"",""x"":769,""y"":1948,""width"":55,""height"":49}","{""beneventan"":""puncta""}"
C32_25r-30r-3.jpg,3016984,"{""beneventan"":""beneventan""}",96,54,"{""name"":""rect"",""x"":967,""y"":1880,""width"":55,""height"":100}","{""beneventan"":""pes""}"
C32_25r-30r-3.jpg,3016984,"{""beneventan"":""beneventan""}",96,55,"{""name"":""rect"",""x"":1022,""y"":1919,""width"":49,""height"":55}","{""beneventan"":""liq""}"
C32_25r-30r-3.jpg,3016984,"{""beneventan"":""beneventan""}",96,56,"{""name"":""rect"",""x"":1067,""y"":1933,""width"":51,""height"":39}","{""beneventan"":""puncta""}"
C32_25r-30r-3.jpg,3016984,"{""beneventan"":""beneventan""}",96,57,"{""name"":""rect"",""x"":1148,""y"":1919,""width"":71,""height"":47}","{""beneventan"":""liq""}"
C32_25r-30r-3.jpg,3016984,"{""beneventan"":""beneventan""}",96,58,"{""name"":""rect"",""x"":1260,""y"":1919,""width"":59,""height"":80}","{""beneventan"":""pes""}"
C32_25r-30r-3.jpg,3016984,"{""beneventan"":""beneventan""}",96,59,"{""name"":""rect"",""x"":1315,""y"":1933,""width"":59,""height"":33}","{""beneventan"":""puncta""}"
C32_25r-30r-3.jpg,3016984,"{""beneventan"":""beneventan""}",96,60,"{""name"":""rect"",""x"":1397,""y"":1925,""width"":61,""height"":47}","{""beneventan"":""puncta""}"
C32_25r-30r-3.jpg,3016984,"{""beneventan"":""beneventan""}",96,61,"{""name"":""rect"",""x"":1466,""y"":1929,""width"":57,""height"":39}","{""beneventan"":""puncta""}"
C32_25r-30r-3.jpg,3016984,"{""beneventan"":""beneventan""}",96,62,"{""name"":""rect"",""x"":1515,""y"":1882,""width"":69,""height"":98}","{""beneventan"":""pes""}"
C32_25r-30r-3.jpg,3016984,"{""beneventan"":""beneventan""}",96,63,"{""name"":""rect"",""x"":1603,""y"":1887,""width"":61,""height"":69}","{""beneventan"":""clivis""}"
C32_25r-30r-3.jpg,3016984,"{""beneventan"":""beneventan""}",96,64,"{""name"":""rect"",""x"":1632,""y"":1944,""width"":77,""height"":51}","{""beneventan"":""custos""}"
C32_25r-30r-3.jpg,3016984,"{""beneventan"":""beneventan""}",96,65,"{""name"":""rect"",""x"":644,""y"":2080,""width"":94,""height"":75}","{""beneventan"":""torculus""}"
C32_25r-30r-3.jpg,3016984,"{""beneventan"":""beneventan""}",96,66,"{""name"":""rect"",""x"":810,""y"":2125,""width"":55,""height"":43}","{""beneventan"":""puncta""}"
C32_25r-30r-3.jpg,3016984,"{""beneventan"":""beneventan""}",96,67,"{""name"":""rect"",""x"":852,""y"":2129,""width"":55,""height"":35}","{""beneventan"":""puncta""}"
C32_25r-30r-3.jpg,3016984,"{""beneventan"":""beneventan""}",96,68,"{""name"":""rect"",""x"":899,""y"":2068,""width"":35,""height"":77}","{""beneventan"":""virga""}"
C32_25r-30r-3.jpg,3016984,"{""beneventan"":""beneventan""}",96,69,"{""name"":""rect"",""x"":936,""y"":2090,""width"":43,""height"":53}","{""beneventan"":""puncta""}"
C32_25r-30r-3.jpg,3016984,"{""beneventan"":""beneventan""}",96,70,"{""name"":""rect"",""x"":1003,""y"":2099,""width"":47,""height"":43}","{""beneventan"":""puncta""}"
C32_25r-30r-3.jpg,3016984,"{""beneventan"":""beneventan""}",96,71,"{""name"":""rect"",""x"":1050,""y"":2101,""width"":57,""height"":45}","{""beneventan"":""virga""}"
C32_25r-30r-3.jpg,3016984,"{""beneventan"":""beneventan""}",96,72,"{""name"":""rect"",""x"":1101,""y"":2095,""width"":84,""height"":51}","{""beneventan"":""liq""}"
C32_25r-30r-3.jpg,3016984,"{""beneventan"":""beneventan""}",96,73,"{""name"":""rect"",""x"":1207,""y"":2088,""width"":53,""height"":75}","{""beneventan"":""pes""}"
C32_25r-30r-3.jpg,3016984,"{""beneventan"":""beneventan""}",96,74,"{""name"":""rect"",""x"":1258,""y"":2099,""width"":59,""height"":53}","{""beneventan"":""puncta""}"
C32_25r-30r-3.jpg,3016984,"{""beneventan"":""beneventan""}",96,75,"{""name"":""rect"",""x"":1307,""y"":2097,""width"":51,""height"":49}","{""beneventan"":""puncta""}"
C32_25r-30r-3.jpg,3016984,"{""beneventan"":""beneventan""}",96,76,"{""name"":""rect"",""x"":1373,""y"":2086,""width"":49,""height"":67}","{""beneventan"":""puncta""}"
C32_25r-30r-3.jpg,3016984,"{""beneventan"":""beneventan""}",96,77,"{""name"":""rect"",""x"":1415,""y"":2095,""width"":69,""height"":53}","{""beneventan"":""puncta""}"
C32_25r-30r-3.jpg,3016984,"{""beneventan"":""beneventan""}",96,78,"{""name"":""rect"",""x"":1483,""y"":2090,""width"":59,""height"":55}","{""beneventan"":""puncta""}"
C32_25r-30r-3.jpg,3016984,"{""beneventan"":""beneventan""}",96,79,"{""name"":""rect"",""x"":1554,""y"":2097,""width"":47,""height"":45}","{""beneventan"":""puncta""}"
C32_25r-30r-3.jpg,3016984,"{""beneventan"":""beneventan""}",96,80,"{""name"":""rect"",""x"":1595,""y"":2058,""width"":53,""height"":92}","{""beneventan"":""pes""}"
C32_25r-30r-3.jpg,3016984,"{""beneventan"":""beneventan""}",96,81,"{""name"":""rect"",""x"":1652,""y"":2046,""width"":73,""height"":80}","{""beneventan"":""custos""}"
C32_25r-30r-3.jpg,3016984,"{""beneventan"":""beneventan""}",96,82,"{""name"":""rect"",""x"":614,""y"":2266,""width"":57,""height"":108}","{""beneventan"":""clivis""}"
C32_25r-30r-3.jpg,3016984,"{""beneventan"":""beneventan""}",96,83,"{""name"":""rect"",""x"":675,""y"":2333,""width"":47,""height"":49}","{""beneventan"":""puncta""}"
C32_25r-30r-3.jpg,3016984,"{""beneventan"":""beneventan""}",96,84,"{""name"":""rect"",""x"":742,""y"":2284,""width"":73,""height"":63}","{""beneventan"":""torculus""}"
C32_25r-30r-3.jpg,3016984,"{""beneventan"":""beneventan""}",96,85,"{""name"":""rect"",""x"":859,""y"":2274,""width"":37,""height"":82}","{""beneventan"":""virga""}"
C32_25r-30r-3.jpg,3016984,"{""beneventan"":""beneventan""}",96,86,"{""name"":""rect"",""x"":950,""y"":2288,""width"":59,""height"":96}","{""beneventan"":""pes""}"
C32_25r-30r-3.jpg,3016984,"{""beneventan"":""beneventan""}",96,87,"{""name"":""rect"",""x"":1007,""y"":2298,""width"":55,""height"":61}","{""beneventan"":""puncta""}"
C32_25r-30r-3.jpg,3016984,"{""beneventan"":""beneventan""}",96,88,"{""name"":""rect"",""x"":1081,""y"":2282,""width"":43,""height"":88}","{""beneventan"":""puncta""}"
C32_25r-30r-3.jpg,3016984,"{""beneventan"":""beneventan""}",96,89,"{""name"":""rect"",""x"":1146,""y"":2270,""width"":61,""height"":94}","{""beneventan"":""pes""}"
C32_25r-30r-3.jpg,3016984,"{""beneventan"":""beneventan""}",96,90,"{""name"":""rect"",""x"":1220,""y"":2272,""width"":65,""height"":86}","{""beneventan"":""clivis""}"
C32_25r-30r-3.jpg,3016984,"{""beneventan"":""beneventan""}",96,91,"{""name"":""rect"",""x"":1273,""y"":2327,""width"":61,""height"":61}","{""beneventan"":""liq""}"
C32_25r-30r-3.jpg,3016984,"{""beneventan"":""beneventan""}",96,92,"{""name"":""rect"",""x"":1330,""y"":2274,""width"":102,""height"":92}","{""beneventan"":""torculus""}"
C32_25r-30r-3.jpg,3016984,"{""beneventan"":""beneventan""}",96,93,"{""name"":""rect"",""x"":1454,""y"":2335,""width"":61,""height"":47}","{""beneventan"":""puncta""}"
C32_25r-30r-3.jpg,3016984,"{""beneventan"":""beneventan""}",96,94,"{""name"":""rect"",""x"":1530,""y"":2280,""width"":37,""height"":77}","{""beneventan"":""virga""}"
C32_25r-30r-3.jpg,3016984,"{""beneventan"":""beneventan""}",96,95,"{""name"":""rect"",""x"":1607,""y"":2272,""width"":112,""height"":82}","{""beneventan"":""custos""}"
C32_25r-30r-4.jpg,3494117,"{""beneventan"":""beneventan""}",0,0,"{}","{}"
C32_25r-30r-5.jpg,3235193,"{""beneventan"":""beneventan""}",0,0,"{}","{}"
C32_25r-30r-6.jpg,3375281,"{""beneventan"":""beneventan""}",0,0,"{}","{}"
C32_25r-30r-7.jpg,3179053,"{""beneventan"":""beneventan""}",0,0,"{}","{}"
C32_25r-30r-8.jpg,3247384,"{""beneventan"":""beneventan""}",0,0,"{}","{}"
C32_25r-30r-9.jpg,3162390,"{""beneventan"":""beneventan""}",0,0,"{}","{}"
C32_25r-30r-10.jpg,3459607,"{""beneventan"":""beneventan""}",0,0,"{}","{}"
C32_25r-30r-11.jpg,3404626,"{""beneventan"":""beneventan""}",0,0,"{}","{}"
C32_65r-69r-2.jpg,3448601,"{""beneventan"":""beneventan""}",0,0,"{}","{}"
C32_65r-69r-3.jpg,3302222,"{""beneventan"":""beneventan""}",0,0,"{}","{}"
C32_65r-69r-4.jpg,3620936,"{""beneventan"":""beneventan""}",0,0,"{}","{}"
C32_65r-69r-5.jpg,3365923,"{""beneventan"":""beneventan""}",0,0,"{}","{}"
C32_65r-69r-6.jpg,3644439,"{""beneventan"":""beneventan""}",0,0,"{}","{}"
C32_65r-69r-7.jpg,3424455,"{""beneventan"":""beneventan""}",0,0,"{}","{}"
C32_65r-69r-8.jpg,3556825,"{""beneventan"":""beneventan""}",0,0,"{}","{}"
C32_65r-69r-9.jpg,3505097,"{""beneventan"":""beneventan""}",0,0,"{}","{}"
C32_91r-96r-1.jpg,3744425,"{""beneventan"":""beneventan""}",0,0,"{}","{}"
C32_91r-96r-2.jpg,3571001,"{""beneventan"":""beneventan""}",0,0,"{}","{}"